<?xml version="1.0" encoding="UTF-8" ?>
<!-- Views for showing the total items and quantities in the Receipt -->
<templates id="template" xml:space="preserve">
    <t t-name="OrderReceipt" t-inherit="point_of_sale.OrderReceipt" t-inherit-mode="extension" owl="1">
        <xpath expr="//div[hasclass('pos-receipt-amount')]" position="before">
            <t t-if="this.env.pos.config.pos_total_quantity">
                <br/>
                <br/>
                <div class="total_items">Total Items:
                     <span class="pos-receipt-right-align"><t t-esc="receipt.orderlines.length"/></span>
                </div>
                <br/>
                <div class="total_quantities">Total Quantities:
                    <span class="pos-receipt-right-align"><t t-esc="receipt.total_quantity"/></span>
                </div>
                <br/>
                <br/>
           </t>
        </xpath>
    </t>
</templates>
