<?xml version="1.0" encoding="UTF-8"?>
<!-- Views for showing the total items and quantities in the Pos Screen -->
<templates id="template" xml:space="preserve">
   <t t-name="OrderSummary" t-inherit="point_of_sale.OrderSummary" t-inherit-mode="extension" owl="1">
      <xpath expr="//div[hasclass('total')]" position="before">
          <t t-if="this.env.pos.config.pos_total_items">
              <div class="total_qty">
                  <div class="values" style="font-weight : normal">
                      <span class="badge">Total Items:<t t-esc="this.props.order.orderlines.length"/></span><br/>
                      <span class="badge">Total Quantity:<t t-esc="this.props.total_quantity"/></span>
                      <br/><br/>
                  </div>
              </div>
          </t>
      </xpath>
   </t>
</templates>
