<?xml version="1.0" encoding="utf-8" ?>
<odoo>
    <data noupdate="1">
    <!--Branch POS Rule-->
        <record id="branch_pos_rule" model="ir.rule">
            <field name="name">Branch POS Rule</field>
            <field name="model_id" ref="model_pos_config"/>
            <field name="global" eval="True"/>
            <field name="domain_force">['|',('branch_id','=',False),('branch_id', 'in', user.branch_ids.ids)]</field>
        </record>
    <!--Branch POS Order Rule-->
        <record id="branch_pos_order_rule" model="ir.rule">
            <field name="name">Branch POS Order Rule</field>
            <field name="model_id" ref="model_pos_order"/>
            <field name="global" eval="True"/>
            <field name="domain_force">['|',('branch_id','=',False),('branch_id', 'in', user.branch_ids.ids)]</field>
        </record>
    <!--Branch POS Session Rule-->
        <record id="branch_pos_session_rule" model="ir.rule">
            <field name="name">Branch POS Session Rule</field>
            <field name="model_id" ref="model_pos_session"/>
            <field name="global" eval="True"/>
            <field name="domain_force">['|',('branch_id','=',False),('branch_id', 'in', user.branch_ids.ids)]</field>
        </record>
    <!--Branch POS Report Rule-->
        <record id="branch_pos_report_rule" model="ir.rule">
            <field name="name">Branch POS Report Rule</field>
            <field name="model_id" ref="model_report_pos_order"/>
            <field name="global" eval="True"/>
            <field name="domain_force">['|',('branch_id','=',False),('branch_id', 'in', user.branch_ids.ids)]</field>
        </record>
    </data>
</odoo>