<?xml version="1.0" encoding="UTF-8"?>
<templates id="template" xml:space="preserve">
    <t t-name="button_in_kanban.button">
        <div class="new_container toast">
            <div style="padding-top:25px; display:flex;">
<!--    Change Category Button  -->
                <button name="cl" type="object"
                        class="btn btn-secondary btn-sm on_change_category"
                        style="width: 90px; padding-top: 10px; padding-left: 9px;
                            padding-right: 13px; padding-bottom: 5px;
                            border-radius: 11px; background: #714b67;
                            color: white; font-size: 11px;">Change Category</button>
<!--    Customer Lead Time Button  -->
                <button name="cl" type="object"
                        class="btn btn-secondary btn-sm on_customer_lead_time_products"
                        style="width: 90px; padding-top: 10px; padding-left: 9px;
                            padding-right: 13px; padding-bottom: 5px;
                            border-radius: 11px; background: #714b67;
                            color: white; font-size: 11px;">Customer Lead Time</button>
<!--    Archive Products Button  -->
                <button name="cl" type="object"
                        class="btn btn-secondary btn-sm on_archive_products"
                        style="width: 90px; padding-top: 10px; padding-left: 9px;
                            padding-right: 13px; padding-bottom: 5px;
                            border-radius: 11px; background: #714b67;
                            color: white; font-size: 11px;">Archive Products</button>
<!--    Update Sales Price Button  -->
                <button name="cl" type="object"
                        class="btn btn-secondary btn-sm on_update_price"
                        style="width: 90px; padding-top: 10px; padding-left: 9px;
                            padding-right: 13px; padding-bottom: 5px;
                            border-radius: 11px; background: #714b67;
                            color: white; font-size: 11px;">Update Sales Price</button>
<!--    Add Vendor Button  -->
                <button name="cl" type="object"
                        class="btn btn-secondary btn-sm on_add_vendor"
                        style="width: 90px; padding-top: 10px; padding-left: 9px;
                            padding-right: 13px; padding-bottom: 5px;
                            border-radius: 11px; background: #714b67;
                            color: white; font-size: 11px;">Add Vendor</button>
<!--    Make Salable Button  -->
                <button name="cl" type="object"
                        class="btn btn-secondary btn-sm on_make_salable"
                        style="width: 90px; padding-top: 10px; padding-left: 9px;
                            padding-right: 13px; padding-bottom: 5px;
                            border-radius: 11px; background: #714b67;
                            color: white; font-size: 11px;">Make Salable</button>
<!--    Make Purchasable Button  -->
                <button name="cl" type="object"
                        class="btn btn-secondary btn-sm on_make_purchasable"
                        style="width: 90px; padding-top: 10px; padding-left: 9px;
                            padding-right: 13px; padding-bottom: 5px;
                            border-radius: 11px; background: #714b67;
                            color: white; font-size: 11px;">Make Purchasable</button>
<!--    Delete Products Button  -->
                <button name="cl" type="object"
                        class="btn btn-secondary btn-sm on_delete_products"
                        style="width: 90px; padding-top: 10px; padding-left: 9px;
                            padding-right: 13px; padding-bottom: 5px;
                            border-radius: 11px; background: #714b67;
                            color: white; font-size: 11px;">Delete Products</button>
<!--    Publish On Website Button  -->
                <button name="cl" type="object"
                        class="btn btn-secondary btn-sm on_publish_products"
                        style="width: 90px; padding-top: 10px; padding-left: 9px;
                            padding-right: 13px; padding-bottom: 5px;
                            border-radius: 11px; background: #714b67;
                            color: white; font-size: 11px;">Publish On Website</button>
<!--    Add Alternative Products Button  -->
                <button name="cl" type="object"
                        class="btn btn-secondary btn-sm on_alternative_products"
                        style="width: 90px; padding-top: 10px; padding-left: 9px;
                            padding-right: 13px; padding-bottom: 5px;
                            border-radius: 11px; background: #714b67;
                            color: white; font-size: 11px;">Add Alternative Products</button>
<!--    Add Accessory Products Button  -->
                <button name="cl" type="object"
                        class="btn btn-secondary btn-sm on_accessory_products"
                        style="width: 90px; padding-top: 10px; padding-left: 9px;
                            padding-right: 13px; padding-bottom: 5px;
                            border-radius: 11px; background: #714b67;
                            color: white; font-size: 11px;">Add Accessory Products</button>
<!--    Add Optional Products Button  -->
                <button name="cl" type="object"
                        class="btn btn-secondary btn-sm on_optional_products"
                        style="width: 90px; padding-top: 10px; padding-left: 9px;
                            padding-right: 13px; padding-bottom: 5px;
                            border-radius: 11px; background: #714b67;
                            color: white; font-size: 11px;">Add Optional Products</button>
<!--    Edit Invoice Policy Button  -->
                <button name="cl" type="object"
                        class="btn btn-secondary btn-sm on_edit_invoice_policy_products"
                        style="width: 90px; padding-top: 10px; padding-left: 9px;
                            padding-right: 13px; padding-bottom: 5px;
                            border-radius: 11px; background: #714b67;
                            color: white; font-size: 11px;">Edit Invoice Policy</button>
<!--    Add Customer Taxes Button  -->
                <button name="cl" type="object"
                        class="btn btn-secondary btn-sm on_add_cust_tax_products"
                        style="width: 90px; padding-top: 10px; padding-left: 9px;
                            padding-right: 13px; padding-bottom: 5px;
                            border-radius: 11px; background: #714b67;
                            color: white; font-size: 11px;">Add Customer Taxes</button>
<!--    Add Vendor Taxes Button  -->
                <button name="cl" type="object"
                        class="btn btn-secondary btn-sm on_add_vendor_tax_products"
                        style="width: 90px; padding-top: 10px; padding-left: 9px;
                            padding-right: 13px; padding-bottom: 5px;
                            border-radius: 11px; background: #714b67;
                            color: white; font-size: 11px;">Add Vendor Taxes</button>
<!--    Change Website Category Button  -->
                <button name="cl" type="object"
                        class="btn btn-secondary btn-sm on_change_web_category_products"
                        style="width: 90px; padding-top: 10px; padding-left: 9px;
                            padding-right: 13px; padding-bottom: 5px;
                            border-radius: 11px; background: #714b67;
                            color: white; font-size: 11px;">Change Website Category</button>
<!--    Add Attributes & Variants Button  -->

                <button name="cl" type="object"
                        class="btn btn-secondary btn-sm on_add_attribute_products"
                        style="width: 90px; padding-top: 10px; padding-left: 9px;
                            padding-right: 13px; padding-bottom: 5px;
                            border-radius: 11px; background: #714b67;
                            color: white; font-size: 11px;">Add Attributes &amp; Variants</button>
<!--    Change Product Tracking Button  -->
                <button name="cl" type="object"
                        class="btn btn-secondary btn-sm on_change_tracking_products"
                        style="width: 90px; padding-top: 10px; padding-left: 9px;
                            padding-right: 13px; padding-bottom: 5px;
                            border-radius: 11px; background: #714b67;
                            color: white; font-size: 11px;">Change Product Tracking</button>
<!--    Change Production Location Button  -->
                <button name="cl" type="object"
                        class="btn btn-secondary btn-sm change_production_location_products"
                        style="width: 90px; padding-top: 10px; padding-left: 9px;
                            padding-right: 13px; padding-bottom: 5px;
                            border-radius: 11px; background: #714b67;
                            color: white; font-size: 11px;">Change Production Location</button>
<!--    Change Inventory Location Button  -->
                <button name="cl" type="object"
                        class="btn btn-secondary btn-sm change_inventory_location_products"
                        style="width: 90px; padding-top: 10px; padding-left: 9px;
                            padding-right: 13px; padding-bottom: 5px;
                            border-radius: 11px; background: #714b67;
                            color: white; font-size: 11px;">Change Inventory Location</button>
<!--    Change Category Button  -->
            </div>
        </div>
    </t>
</templates>
