<?xml version="1.0" encoding="utf-8"?>
<odoo>
<!--    This is used for creating user groups-->
    <record model="ir.module.category" id="base_machine_repair_module_management">
        <field name="name">Machine</field>
        <field name="description">Machine Repair</field>
        <field name="sequence">10</field>
    </record>
    <record id="repair_user_access" model="res.groups">
        <field name="name">Repair User/Technician</field>
        <field name="category_id" ref="base_machine_repair_module_management"/>
    </record>
    <record id="repair_manager_access" model="res.groups">
        <field name="name">Repair Manager</field>
        <field name="category_id" ref="base_machine_repair_module_management"/>
    </record>
    <record id="repair_sales_users_access" model="res.groups">
        <field name="name">Sales Persons</field>
        <field name="category_id" ref="base_machine_repair_module_management"/>
    </record>
</odoo>
