<?xml version="1.0" encoding="UTF-8"?>
<!-- Template for the project dashboard -->
<templates id="template" xml:space="preserve">
    <t t-name="ProjectDashboard">
        <div class="oh_dashboards" style="margin-top: 20px; overflow-y: scroll;vertical-align: middle;overflow-x: clip;max-height: -webkit-fill-available;">
            <div class="container-fluid o_pj_dashboard" style="margin-left:4%;">
            </div>
        </div>
    </t>
    <t t-name="DashboardProject">
        <div class="row main-section">
            <t t-if="widget.flag_user == 1">
                <div class="inner_select" style="display: flex;">
                    <p style="margin-left: 20px;">Start Date :</p>
                    <p>
                        <input type="date" class="inner_select" id="start_date" name="start_date" />
                    </p>
                    <p>End Date :</p>
                    <p>
                        <input type="date" class="inner_select" id="end_date" name="end_date" />
                    </p>
                    <p>Project :</p>
                    <p>
                        <select class="inner_select" id="project_selection">
                            <option value="null">All Projects</option>
                        </select>
                    </p>
                    <p>Employees :</p>
                    <p>
                        <select class="inner_select" id="employee_selection">
                            <option value="null">All Employees</option>
                        </select>
                    </p>
                </div>
            </t>
            <div class="col-md-4 col-sm-6 oh-payslip">
                <div class="oh-card" style="width: 410px;">
                    <div class="oh-card-body tot_projects" style="box-shadow:5px 11px 30px;">
                        <div class="stat-widget-one" style="display:flex;">
                            <div class="stat-icon"><i class="fa fa-puzzle-piece" /></div>
                            <div class="stat-head" style="padding: 5%;width: 60%;">Total Project</div>
                            <div class="stat_count" style="padding: 4%;width: 30%;" id="tot_project">
                                <t t-esc="widget.total_projects" />
                            </div>
                        </div>
                    </div>
                </div>
            </div>
            <t t-if="widget.flag_user == 1">
                <div class="col-md-4 col-sm-6 oh-payslip">
                    <div class="oh-card" style="width: 410px;">
                        <div class="oh-card-body tot_emp" style="box-shadow:5px 11px 30px;">
                            <div class="stat-widget-one" style="display:flex;">
                                <div class="stat-icon"><i class="fa fa-user" /></div>
                                <div class="stat-head" style="padding: 5%;width: 60%;">Total Employees</div>
                                <div class="stat_count" style="padding: 4%;width: 30%;" id="tot_employee">
                                    <t t-esc="widget.total_employees" />
                                </div>
                            </div>
                        </div>
                    </div>
                </div>
            </t>
            <div class="col-md-4 col-sm-6 oh-payslip">
                <div class="oh-card" style="width: 410px;">
                    <div class="oh-card-body tot_tasks" style="box-shadow:5px 11px 30px;">
                        <div class="stat-widget-one" style="display:flex;">
                            <div class="stat-icon"><i class="fa fa-tasks" /></div>
                            <div class="stat-head" style="padding: 5%;width: 60%;">Total tasks</div>
                            <div class="stat_count" style="padding: 4%;width: 30%;" id="tot_task">
                                <t t-esc="widget.total_tasks" />
                            </div>
                        </div>
                    </div>
                </div>
            </div>
            <t t-if="widget.flag_user == 1">
                <div class="col-md-4 col-sm-6 oh-payslip">
                    <div class="oh-card" style="width: 410px;">
                        <div class="oh-card-body hr_recorded" style="box-shadow:5px 11px 30px;">
                            <div class="stat-widget-one" style="display:flex;">
                                <div class="stat-icon"><i class="fa fa-clock-o" /></div>
                                <div class="stat-head" style="padding: 5%;width: 60%;">Hours Recorded</div>
                                <div class="stat_count" style="padding: 4%;width: 30%;" id="tot_hrs">
                                    <t t-esc="widget.total_hours" />
                                </div>
                            </div>
                        </div>
                    </div>
                </div>
            </t>
            <t t-if="widget.flag_user == 1">
                <div class="col-md-4 col-sm-6 oh-payslip">
                    <div class="oh-card" style="width: 410px;">
                        <div class="oh-card-body tot_profitability" style="box-shadow:5px 11px 30px;">
                            <div class="stat-widget-one" style="display:flex;">
                                <div class="stat-icon"><i class="fa fa-dollar" /></div>
                                <div class="stat-head" style="padding: 5%;width: 60%;">Total Margin</div>
                                <div class="stat_count" style="padding: 4%;width: 30%;" id="tot_margin">
                                    <t t-esc="widget.total_profitability" />
                                </div>
                            </div>
                        </div>
                    </div>
                </div>
            </t>
            <div class="col-md-4 col-sm-6 oh-payslip">
                <div class="oh-card" style="width: 410px;">
                    <div class="oh-card-body tot_sale" style="box-shadow:5px 11px 30px;">
                        <div class="stat-widget-one" style="display:flex;">
                            <div class="stat-icon"><i class="fa fa-ticket" /></div>
                            <div class="stat-head" style="padding: 5%;width: 60%;">Total Sale Orders</div>
                            <div class="stat_count" style="padding: 4%;width: 30%;" id="tot_so">
                                <t t-esc="widget.total_sale_orders" />
                            </div>
                        </div>
                    </div>
                </div>
            </div>
        </div>
    </t>

    <t t-name="DashboardChart">
        <div class="col-xs-12 col-sm-12 col-lg-12 col-md-12">
            <div class="row main-section">
                <div class="col-sm-7 col-lg-7">
                    <div class="graph_view" style="box-shadow:5px 11px 30px;">
                        <div class="text-color hr-chart-1">
                            <div class="oh-card-body pb-0" style="text-align:center;">
                                <h2 style="margin-left:45%;padding-top:2%;">Project Task Analysis</h2>
                            </div>
                            <canvas id="project_doughnut" style="background:#fff;" width="200" height="120" />
                        </div>
                    </div>
                    <div class="selling_product_graph_view" style="box-shadow:5px 11px 30px;">
                        <div class="oh-card text-color">
                            <canvas class="top_selling_employees" style="background:#fff;" width="200" height="120" />
                        </div>
                    </div>
                </div>

                <div class="col-md-4 col-lg-4" style="top: 82px;right: -100px;">
                    <div class="hr_notification" style="background: #fff;transition: transform 0.2s ease, box-shadow 0.2s ease;will-change: transform, box-shadow;box-shadow: 0 10px 40px 0 rgba(62,57,107,0.07), 0 2px 9px 0 rgba(62,57,107,0.06);
                    height: 763px;margin-bottom: 15px;margin-top: 15px;box-shadow:5px 11px 30px;">
                        <div class="hr_notification_head" style="font-size: 17px;text-align: center;padding: 12px 0;color: #fff;font-weight: 300;background: #000080;margin-bottom: 9px;">
                            Project Task Details
                        </div>
                        <div class="col-sm-12 col-lg-12" style="padding:0;">
                            <div class="text-color">
                                <div class="media" style="overflow-y: auto;height: 704px;">
                                    <div class="media-body">
                                        <table class="table table-sm">
                                            <thead>
                                                <tr>
                                                    <th rowspan="14">Project Name</th>
                                                    <th rowspan="14">Task Name</th>
                                                </tr>
                                            </thead>
                                            <tbody>
                                                <t t-foreach="widget.task_data" t-as="proj">
                                                    <tr>
                                                        <td>
                                                            <t t-if="widget.flag_user == 1">
                                                                <t t-esc="proj[1]['en_US']" />
                                                            </t>
                                                            <t t-els="">
                                                                <t t-esc="proj[1]" />
                                                            </t>
                                                        </td>
                                                        <td>
                                                            <t t-esc="proj[0]" />
                                                        </td>
                                                    </tr>
                                                </t>
                                            </tbody>
                                        </table>
                                    </div>
                                </div>
                            </div>
                        </div>
                    </div>
                    <div class="hr_notification" style="background: #fff;transition: transform 0.2s ease, box-shadow 0.2s ease;will-change: transform, box-shadow;box-shadow: 0 10px 40px 0 rgba(62,57,107,0.07), 0 2px 9px 0 rgba(62,57,107,0.06);
                            height: 356px;margin-bottom: 15px;box-shadow:5px 11px 30px;">
                        <div class="hr_notification_head" style="font-size: 17px;text-align: center;padding: 12px 0;color: #fff;font-weight: 300;background: #000080;margin-bottom: 9px;">
                            Hours Recorded
                        </div>
                        <div class="col-sm-12 col-lg-12" style="padding:0;">
                            <div class="text-color">
                                <div class="">
                                    <div class="media">
                                        <div class="media-body">
                                            <table class="table table-sm">
                                                <thead>
                                                    <tr>
                                                        <th rowspan="14">Billed on Timesheet</th>
                                                    </tr>

                                                </thead>
                                                <tbody>
                                                    <t t-foreach="widget.hour_recorde" t-as="hour_recorde">
                                                        <tr>
                                                            <td>
                                                                <h2 class="text-color display-6" style="font-size: 15px;margin-left: 400px;margin-top: -30px;">
                                                                    <t t-esc="hour_recorde" />
                                                                </h2>
                                                            </td>
                                                        </tr>
                                                    </t>
                                                </tbody>
                                            </table>
                                            <table class="table table-sm">
                                                <thead>
                                                    <tr>
                                                        <th rowspan="14">Billed at a Fixed price</th>
                                                    </tr>
                                                </thead>
                                                <tbody>
                                                    <t t-foreach="widget.billable_fix" t-as="billable_fix">
                                                        <tr>
                                                            <td>
                                                                <h2 class="text-color display-6" style="font-size: 15px;margin-left: 400px;margin-top: -30px;">
                                                                    <t t-esc="billable_fix" />
                                                                </h2>
                                                            </td>
                                                        </tr>
                                                    </t>
                                                </tbody>
                                            </table>
                                            <table class="table table-sm">
                                                <thead>
                                                    <tr>
                                                        <th rowspan="14">No task found</th>
                                                    </tr>

                                                </thead>
                                                <tbody>
                                                    <t t-foreach="widget.hour_recorded" t-as="hour_recorded">
                                                        <tr>

                                                            <td>
                                                                <h2 class="text-color display-6" style="font-size: 15px;margin-left: 400px;margin-top: -30px;">

                                                                    <t t-esc="hour_recorded" />
                                                                </h2>
                                                            </td>
                                                        </tr>
                                                    </t>
                                                </tbody>
                                            </table>
                                            <table class="table table-sm">
                                                <thead>
                                                    <tr>
                                                        <th rowspan="14">Non Billable Tasks</th>
                                                    </tr>
                                                </thead>
                                                <tbody>
                                                    <t t-foreach="widget.non_billable" t-as="non_billable">
                                                        <tr>
                                                            <td>
                                                                <h2 class="text-color display-6" style="font-size: 15px;margin-left: 400px;margin-top: -30px;">

                                                                    <t t-esc="non_billable" />
                                                                </h2>
                                                            </td>
                                                        </tr>
                                                    </t>
                                                </tbody>
                                            </table>
                                            <table class="table table-sm">
                                                <thead>
                                                    <tr>
                                                        <th rowspan="14" style="padding-left: 24.3rem;">Total:</th>
                                                    </tr>

                                                </thead>
                                                <tbody>
                                                    <t t-foreach="widget.total_hr" t-as="total_hr">
                                                        <tr>

                                                            <td>
                                                                <h2 class="text-color display-6" style="font-size: 15px;margin-left: 400px;margin-top: -30px;">

                                                                    <t t-esc="total_hr" />
                                                                </h2>
                                                            </td>
                                                        </tr>
                                                    </t>
                                                </tbody>
                                            </table>
                                        </div>
                                    </div>
                                </div>
                            </div>
                        </div>
                        <div class="hr_notification" style="background: #fff;transition: transform 0.2s ease, box-shadow 0.2s ease;will-change: transform, box-shadow;box-shadow: 0 10px 40px 0 rgba(62,57,107,0.07), 0 2px 9px 0 rgba(62,57,107,0.06);
                            height: auto;padding-bottom: 15px;box-shadow:5px 11px 30px;">
                            <div class="hr_notification_head" style="font-size: 17px;text-align: center;padding: 12px 0;color: #fff;font-weight: 300;background: #000080;margin-bottom: 9px;">
                                Stage Wise Total Projects
                            </div>
                            <table id="table_status" style="width">
                                <tr>
                                    <th />
                                    <th />
                                </tr>
                                <t t-foreach="widget.project_stage_list" t-as="data">
                                    <tr>
                                        <td style="text-align:center;">
                                            <h4 t-esc="data['name']" />
                                        </td>
                                        <td style="text-align:center;">
                                            <h4 class="fleet-pill" t-esc="data['projects']" />
                                        </td>
                                    </tr>
                                </t>
                            </table>
                        </div>
                    </div>
                </div>
            </div>
        </div>
    </t>
</templates>