<?xml version="1.0" encoding="utf-8"?>
<odoo>
    <data>
        <!--        Scheduled action for repair request report-->
        <record id="action_machine_repair_report" model="ir.actions.server">
            <field name="name">Repair Request Report</field>
            <field name="model_id"
                   ref="base_machine_repair_management.model_machine_repair"/>
            <field name="binding_model_id"
                   ref="base_machine_repair_management.model_machine_repair"/>
            <field name="binding_view_types">form</field>
            <field name="state">code</field>
            <field name="code">
                action = records.action_print_repair_request_report()
            </field>
        </record>
    </data>
</odoo>
