<?xml version="1.0" encoding="utf-8"?>
<odoo>
    <!--    This is for the sequence of machine diagnosis records-->
    <record id="diagnosis_seq" model="ir.sequence">
        <field name="name">Repair Sequence</field>
        <field name="code">machine.diagnosis</field>
        <field name="prefix">DGS/</field>
        <field name="padding">3</field>
        <field name="number_next">1</field>
        <field name="number_increment">1</field>
    </record>
    <!--    This is used for the sequence for machine repair-->
    <record id="repair_seq" model="ir.sequence">
        <field name="name">Repair Sequence</field>
        <field name="code">machine.repair</field>
        <field name="prefix">MRP/</field>
        <field name="padding">3</field>
        <field name="number_next">1</field>
        <field name="number_increment">1</field>
    </record>
</odoo>
