<?xml version="1.0" encoding="utf-8" ?>
<templates id="template" xml:space="preserve">
    <!--Barcode Scanner -->
    <t t-name="BarCodeScanner">
        <t t-set="_activeClasses">border-primary</t>
        <div>
            <div class="scan-options">
                <p style="color: #212529 !important;">
                    Select whether you want to scan a Machine for repair or Parts:
                </p>
                <input type="radio" id="product" name="scanOption"
                       value="Product" checked="True"/>
                <label for="product">Machine</label>
                <br/>

                <input type="radio" id="parts" name="scanOption" value="Parts"/>
                <label for="parts">Machine Parts</label>
                <br/>
                </div>
                <label t-attf-class="apply_barcode btn-primary align-right"
                       title="Barcode" for="apply_barcode"
                       id="repair-barcode-scanner" data-bs-toggle="modal"
                       data-bs-target="#mapModal">
                <i class="fa fa-barcode"/>
                    SCAN
                </label>
            <div role="dialog" id="mapModal" class="modal" tabindex="-1">
                <div class="modal-dialog modal-lg">
                    <div class="modal-content" style="width:50%; height:50%" id="barcode_id">
                        <span class="close" id="close-button"
                          t-on-click="closeButton">X</span>
                        <div class="modal-body">
                        </div>
                    </div>
                </div>
            </div>
        </div>
    </t>
</templates>
