<?xml version="1.0" encoding="UTF-8"?>
<!--Template for location summary receipt screen -->
<templates id="template" xml:space="preserve">
    <t t-name="LocationSummaryReceiptScreen" owl="1">
        <div class="receipt-screen screen">
            <div class="screen-content">
                <div class="top-content">
                    <span class="button back" t-on-click="confirm">
                        <i class="fa fa-angle-double-left"/>
                        <span> </span>
                        <span>Back</span>
                    </span>
                </div>
                <div class="centered-content">
                    <div class="button print" t-on-click="printSummary">
                        <i class="fa fa-print"/>
                        Print Location Summary
                    </div>
                    <div class="pos-receipt-container"
                         t-ref="location-summary">
                        <LocationSummaryReceipt locations="props.locations"/>
                    </div>
                </div>
            </div>
        </div>
    </t>
</templates>
