<?xml version="1.0" encoding="UTF-8"?>
<!--Template for location summary popup-->
<templates id="template" xml:space="preserve">
    <t t-name="LocationSummaryPopup" owl="1">
        <div role="dialog" class="modal-dialog">
            <div class="popup popup-text">
                <header class="title">
                    <t t-esc="props.title"/>
                </header>
                <main class="body">
                    <div class="order-summary">
                        <div>
                            <div>
                                <p class="label">Locations</p>
                                <select class="popup-input"
                                        t-model="state.selected_value"
                                        style="width: 40%;">
                                     <option value="">None</option>
                                    <t t-foreach="props.locations" t-as="item"
                                       t-key="item.id">
                                      <option t-att-value="item.id">
                                          <t t-esc="item.name"/>
                                      </option>
                                  </t>
                                </select>
                            </div>
                        </div>
                    </div>
                </main>
                <footer class="footer">
                    <div class="button confirm" t-on-click="confirm">
                        Print
                    </div>
                    <div class="button cancel" t-on-click="cancel">
                        Cancel
                    </div>
                </footer>
            </div>
        </div>
    </t>
</templates>
