<?xml version="1.0" encoding="UTF-8"?>
<templates id="template" xml:space="preserve">
        <!-- ChatterTopbar Template Extension -->
    <t t-name="ChatterTopbar" t-inherit="mail.ChatterTopbar"
       t-inherit-mode="extension" owl="1">
        <xpath expr="//div[hasclass('o_ChatterTopbar_tools')]/div[hasclass('o_ChatterTopbar_borderLeft')]"
               position="before">
            <div class="o_ChatterTopbar_borderLeft  pe-2"/>
            <button class="btn btn-light o_ChatterTopbar_button" type="button"
                    t-att-disabled="!chatterTopbar.chatter.isTemporary and !chatterTopbar.chatter.hasReadAccess"
                    t-on-click="chatterTopbar.chatter.onClickComment"
                    title="Search Knowledge Articles">
                <i class="fa fa-comment"/>
                Comments
            </button>
        </xpath>
    </t>
</templates>
