<?xml version="1.0" encoding="UTF-8" ?>
<odoo>
    <data>
        <record id="send_mail_template" model="mail.template">
            <!--            mail template for pos scheduled mail-->
            <field name="name">Invoice</field>
            <field name="model_id" ref="point_of_sale.model_pos_order"/>
            <field name="subject">Invoice {{ object.name }}</field>
            <field name="partner_to">{{ object.partner_id.id }}</field>
            <field name="body_html" type="html">
                <div style="margin: 0px; padding: 0px;">
                    <p style="margin: 0px; padding: 0px; font-size: 13px;">
                        Dear<t t-out="object.partner_id.name or ''"/>,
                        <br/>
                        <br/>
                        Here is the invoice for your Order
                        <br/>
                        Best regards,
                        <br/>
                        <t t-out="object.user_id.name"/>
                    </p>
                </div>
            </field>
            <field name="lang">{{ object.partner_id.lang }}</field>
            <field name="auto_delete" eval="True"/>
        </record>
    </data>
</odoo>
