<?xml version="1.0" encoding="utf-8"?>
<odoo>
    <data noupdate="1">
        <!--send weekly statement report to partners-->
        <record id="ir_cron_weekly_statement_report" model="ir.cron">
            <field name="name">Weekly Statement Report</field>
            <field name="model_id" ref="model_res_partner"/>
            <field name="state">code</field>
            <field name="code">model.auto_week_statement_report()</field>
            <field name="user_id" ref="base.user_root"/>
            <field name="interval_number">1</field>
            <field name="interval_type">weeks</field>
            <field name="nextcall" eval="(DateTime.now() + timedelta(days=7)).strftime('%Y-%m-%d %H:00:00')"/>
            <field name="numbercall">-1</field>
            <field name="doall" eval="False"/>
        </record>

        <!--send monthly statement report to partners-->
        <record id="ir_cron_monthly_statement_report" model="ir.cron">
            <field name="name">Monthly Statement Report</field>
            <field name="model_id" ref="model_res_partner"/>
            <field name="state">code</field>
            <field name="code">model.auto_month_statement_report()</field>
            <field name="user_id" ref="base.user_root"/>
            <field name="interval_number">1</field>
            <field name="interval_type">months</field>
            <field name="nextcall" eval="(DateTime.now() + relativedelta(day=1, months=1)).strftime('%Y-%m-%d 04:30:00')" />
            <field name="numbercall">-1</field>
            <field name="doall" eval="False"/>
        </record>
    </data>
</odoo>