<?xml version="1.0" encoding="UTF-8"?>
<odoo>
    <!-- security groups -->
    <record id="ir_attachment_group_user" model="res.groups">
        <field name="name">Access Project Document</field>
        <field name="category_id" ref="base.module_category_usability"/>
    </record>
    <record id="group_project_category" model="res.groups">
        <field name="name">access project category menu</field>
        <field name="category_id" ref="base.module_category_usability"/>
    </record>
</odoo>
