<?xml version="1.0" encoding="UTF-8"?>
<odoo>
    <data noupdate="1">
        <!-- schedule action for document expiry notification -->
        <record id="document_expire_schedule_action" model="ir.cron">
            <field name="name">Document Expire</field>
            <field name="model_id" ref="model_ir_attachment"/>
            <field name="state">code</field>
            <field name="code">model.document_expire_notification()</field>
            <field name="interval_number">1</field>
            <field name="interval_type">days</field>
            <field name="numbercall">-1</field>
        </record>
        <!-- schedule action for task overdue notification -->
        <record id="task_overdue_notification_schedule_action" model="ir.cron">
            <field name="name">Task overdue notification</field>
            <field name="model_id" ref="model_project_task"/>
            <field name="state">code</field>
            <field name="code">model.task_overdue_notification()</field>
            <field name="interval_number">1</field>
            <field name="interval_type">days</field>
            <field name="numbercall">-1</field>
        </record>
    </data>
</odoo>
