<?xml version="1.0" encoding="utf-8"?>
<odoo>
    <!-- Sequence for scrap management model -->
    <data noupdate="1">
        <record id="sequence_scrap_management" model="ir.sequence">
            <field name="name">Scrap Management</field>
            <field name="code">scrap.management</field>
            <field name="active">TRUE</field>
            <field name="prefix">SM</field>
            <field name="padding">6</field>
            <field name="number_next">1</field>
            <field name="number_increment">1</field>
        </record>
    </data>
</odoo>
