<?xml version="1.0" encoding="UTF-8"?>
<templates id="template" xml:space="preserve">
    <t t-name="OrderReceipt" t-inherit="point_of_sale.OrderReceipt"
       t-inherit-mode="extension" owl="1">
        <xpath expr="//div[hasclass('pos-receipt-contact')]" position="inside">

            <t t-if="env.pos.customer_details">
                <t t-if="this.env.pos.selectedOrder.partner">
                    <t t-if="env.pos.name">
                        <div style="font-weight:bold;">Customer Name:
                            <t t-esc="this.env.pos.selectedOrder.partner.name"/>
                        </div>
                    </t>
                    <t t-if="env.pos.address">
                            <div style="font-weight:bold;">Customer Address:
                            <t t-esc="this.env.pos.selectedOrder.partner.street"/>
                            </div>
                    </t>
                    <t t-if="env.pos.mobile">
                            <div style="font-weight:bold;">Customer Mobile:
                            <t t-esc="this.env.pos.selectedOrder.partner.mobile"/>
                        </div>
                    </t>
                    <t t-if="env.pos.phone">
                        <div style="font-weight:bold;">Customer Phone:
                            <t t-esc="this.env.pos.selectedOrder.partner.phone"/>
                        </div>
                    </t>
                    <t t-if="env.pos.email">
                        <div style="font-weight:bold;">Customer Email:
                            <t t-esc="this.env.pos.selectedOrder.partner.email"/>
                        </div>
                    </t>
                    <t t-if="env.pos.vat">
                        <div style="font-weight:bold;">Customer Vat:
                            <t t-esc="this.env.pos.selectedOrder.partner.vat"/>
                        </div>
                    </t>
                </t>
            </t>
            <t t-if="env.pos.invoice">
                <div style="font-weight:bold;">Invoice Number:
                    <t t-esc="this.env.pos.invoice"/>
                </div>
            </t>
            <t t-if="env.pos.qr_code">
                <t t-if="env.pos.qr_image">
                    <div style="font-weight:bold;">
                        <img t-attf-src="{{env.pos.qr_image}}"
                             style="width:50%;"/>
                    </div>
                </t>
            </t>
        </xpath>
    </t>
</templates>